Timestamp,Milliseconds,X,Y,Z
2022-05-19 22:36:38,3,-0.21154785,4.2212067,10.17804
2022-05-19 22:36:38,13,-0.3480072,4.3026123,10.261841
2022-05-19 22:36:38,23,-0.036758423,4.1924744,10.137344
2022-05-19 22:36:38,33,0.11647034,4.1685333,9.950592
2022-05-19 22:36:38,43,0.2050476,4.2523346,9.730331
2022-05-19 22:36:38,53,0.11167908,4.305008,9.5651245
2022-05-19 22:36:38,63,0.13322449,4.4151306,9.428665
2022-05-19 22:36:38,73,0.1260376,4.4175262,9.42627
2022-05-19 22:36:38,84,0.054214478,4.357666,9.550766
2022-05-19 22:36:38,93,0.008728027,4.29303,9.555557
2022-05-19 22:36:38,103,-0.10380554,4.2475433,9.464569
2022-05-19 22:36:38,113,-0.18998718,4.2834473,9.354446
2022-05-19 22:36:38,123,-0.30491638,4.2690887,9.258667
2022-05-19 22:36:38,134,-0.25463867,4.1996613,9.261063
2022-05-19 22:36:38,143,-0.13014221,4.1661377,9.258667
2022-05-19 22:36:38,153,-0.041549683,4.084732,9.179657
2022-05-19 22:36:38,163,0.0063323975,4.123047,9.086288
2022-05-19 22:36:38,173,0.035064697,4.123047,9.052765
2022-05-19 22:36:38,183,0.0039367676,4.0559998,9.0312195
2022-05-19 22:36:38,193,-0.022399902,4.0344543,9.016861
2022-05-19 22:36:38,204,-0.18998718,4.041641,9.07431
2022-05-19 22:36:38,213,-0.29055786,4.020096,8.973755
2022-05-19 22:36:38,223,-0.30491638,4.0105133,8.851654
2022-05-19 22:36:38,233,-0.30970764,3.9674225,8.863632
2022-05-19 22:36:38,243,-0.30012512,3.909958,8.717575
2022-05-19 22:36:38,254,-0.33843994,3.8884125,8.61702
2022-05-19 22:36:38,263,-0.5036316,3.9147491,8.535629
2022-05-19 22:36:38,273,-0.7167206,3.8979797,8.554779
2022-05-19 22:36:38,283,-0.7693939,3.9003754,8.595474
2022-05-19 22:36:38,293,-0.69996643,3.8309479,8.715195
2022-05-19 22:36:38,303,-0.61616516,3.8261566,8.705612
2022-05-19 22:36:38,313,-0.64250183,3.8500977,8.729553
2022-05-19 22:36:38,323,-0.659256,3.8764343,8.717575
2022-05-19 22:36:38,333,-0.7574158,3.9530487,8.779831
2022-05-19 22:36:38,343,-0.85557556,3.926712,9.040802
2022-05-19 22:36:38,353,-0.76460266,3.933899,9.194031
2022-05-19 22:36:38,364,-0.6520691,3.8500977,9.217972
2022-05-19 22:36:38,373,-0.60658264,3.8812256,9.148544
2022-05-19 22:36:38,383,-0.48927307,3.9362946,9.028824
2022-05-19 22:36:38,393,-0.42222595,3.9386902,9.036011
2022-05-19 22:36:38,403,-0.40786743,3.926712,9.019257
2022-05-19 22:36:38,414,-0.4748993,3.969818,9.007278
2022-05-19 22:36:38,423,-0.63531494,4.0081177,9.098267
2022-05-19 22:36:38,433,-0.67362976,3.9937592,9.158112
2022-05-19 22:36:38,443,-0.683197,3.945877,9.241913
2022-05-19 22:36:38,453,-0.5682831,3.921936,9.285004
2022-05-19 22:36:38,463,-0.441391,3.95784,9.423874
2022-05-19 22:36:38,473,-0.4126587,3.9315033,9.431061
2022-05-19 22:36:38,483,-0.43899536,3.9650269,9.368805
2022-05-19 22:36:38,493,-0.446167,3.933899,9.3233185
2022-05-19 22:36:38,503,-0.45095825,3.9602356,9.277832
2022-05-19 22:36:38,513,-0.48687744,3.950653,9.277832
2022-05-19 22:36:38,524,-0.5467377,3.945877,9.241913
2022-05-19 22:36:38,533,-0.5467377,3.9722137,9.141357
2022-05-19 22:36:38,543,-0.48687744,3.945877,9.040802
2022-05-19 22:36:38,553,-0.446167,3.871643,9.064743
2022-05-19 22:36:38,563,-0.43659973,3.8860168,9.064743
2022-05-19 22:36:38,573,-0.48208618,3.8740387,9.124603
2022-05-19 22:36:38,584,-0.5108185,3.8860168,9.265854
2022-05-19 22:36:38,593,-0.48927307,3.8453217,9.354446
2022-05-19 22:36:38,603,-0.5180054,3.8022156,9.435837
2022-05-19 22:36:38,613,-0.60658264,3.7734833,9.368805
2022-05-19 22:36:38,623,-0.7167206,3.787857,9.318527
2022-05-19 22:36:38,633,-0.64250183,3.8094025,9.098267
2022-05-19 22:36:38,644,-0.5395508,3.8381348,9.081497
2022-05-19 22:36:38,653,-0.4964447,3.8165894,9.146149
2022-05-19 22:36:38,663,-0.4916687,3.7567291,9.146149
2022-05-19 22:36:38,673,-0.5060272,3.6801147,9.162903
2022-05-19 22:36:38,684,-0.64967346,3.6992645,9.167694
2022-05-19 22:36:38,693,-0.7119293,3.6992645,9.122208
2022-05-19 22:36:38,703,-0.7741852,3.6561737,9.103043
2022-05-19 22:36:38,713,-0.7669983,3.6633606,9.141357
2022-05-19 22:36:38,724,-0.64489746,3.6825104,9.222763
2022-05-19 22:36:38,733,-0.5706787,3.6226501,9.342468
2022-05-19 22:36:38,743,-0.5323639,3.5412445,9.332886
2022-05-19 22:36:38,753,-0.50842285,3.4861908,9.184448
2022-05-19 22:36:38,764,-0.59461975,3.5891418,9.103043
2022-05-19 22:36:38,773,-0.6879883,3.6513824,8.997696
2022-05-19 22:36:38,783,-0.70474243,3.6657562,8.91391
2022-05-19 22:36:38,793,-0.72628784,3.6465912,8.887573
2022-05-19 22:36:38,804,-0.73347473,3.6896973,8.827713
2022-05-19 22:36:38,813,-0.683197,3.7016602,8.760681
2022-05-19 22:36:38,823,-0.7023468,3.7567291,8.861237
2022-05-19 22:36:38,833,-0.68559265,3.7256012,8.846863
2022-05-19 22:36:38,843,-0.6808014,3.7279968,8.851654
2022-05-19 22:36:38,854,-0.7095337,3.7519379,8.832504
2022-05-19 22:36:38,863,-0.69996643,3.7950287,8.789413
2022-05-19 22:36:38,873,-0.6520691,3.8500977,8.767853
2022-05-19 22:36:38,883,-0.6664429,3.823761,8.763077
2022-05-19 22:36:38,893,-0.68559265,3.811798,8.877991
2022-05-19 22:36:38,904,-0.71432495,3.7279968,9.002487
2022-05-19 22:36:38,913,-0.7813568,3.8094025,9.095871
2022-05-19 22:36:38,923,-0.7310791,3.7926483,9.103043
2022-05-19 22:36:38,933,-0.73587036,3.787857,9.179657
2022-05-19 22:36:39,943,-0.73347473,3.787857,9.107834
2022-05-19 22:36:39,953,-0.73587036,3.8500977,9.07193
2022-05-19 22:36:39,964,-0.72628784,3.87883,9.115021
2022-05-19 22:36:39,973,-0.7957306,3.9195404,9.098267
2022-05-19 22:36:39,983,-0.78375244,3.8884125,9.036011
2022-05-19 22:36:39,993,-0.7957306,3.871643,9.059952
2022-05-19 22:36:39,1003,-0.7741852,3.9075623,9.081497
2022-05-19 22:36:39,1013,-0.7310791,3.9291077,9.136566
2022-05-19 22:36:39,1023,-0.659256,3.9841766,9.182053
2022-05-19 22:36:39,1033,-0.68559265,4.029663,9.273041
2022-05-19 22:36:39,1043,-0.72628784,3.9985504,9.282608
2022-05-19 22:36:39,1053,-0.7741852,3.9961548,9.31134
2022-05-19 22:36:39,1063,-0.86994934,4.012909,9.251495
2022-05-19 22:36:39,1074,-0.94895935,4.0703735,9.261063
2022-05-19 22:36:39,1083,-0.9633179,4.091919,9.088684
2022-05-19 22:36:39,1093,-0.8651581,4.163742,8.957001
2022-05-19 22:36:39,1103,-0.80529785,4.2642975,8.873199
2022-05-19 22:36:39,1114,-0.7406616,4.1996613,8.899536
2022-05-19 22:36:39,1123,-0.75024414,4.156555,8.916306
2022-05-19 22:36:39,1133,-0.91304016,4.139801,8.909119
2022-05-19 22:36:39,1143,-0.9848633,4.1972656,8.842087
2022-05-19 22:36:39,1153,-0.9226227,4.230774,8.748703
2022-05-19 22:36:39,1163,-0.84121704,4.259506,8.751099
2022-05-19 22:36:39,1174,-0.7406616,4.1852875,8.686462
2022-05-19 22:36:39,1183,-0.73347473,4.237961,8.7343445
2022-05-19 22:36:39,1193,-0.84840393,4.2571106,8.803772
2022-05-19 22:36:39,1203,-0.8603668,4.180496,8.940247
2022-05-19 22:36:39,1213,-0.8388214,4.1661377,9.038406
2022-05-19 22:36:39,1223,-0.85557556,4.1541595,9.15332
2022-05-19 22:36:39,1234,-0.8579712,4.182892,9.227539
2022-05-19 22:36:39,1243,-0.80052185,4.17572,9.148544
2022-05-19 22:36:39,1253,-0.7095337,4.1733246,9.158112
2022-05-19 22:36:39,1263,-0.88191223,4.2331696,9.198822
2022-05-19 22:36:39,1273,-0.7957306,4.2044373,9.2491
2022-05-19 22:36:39,1283,-0.7765808,4.2283936,9.277832
2022-05-19 22:36:39,1293,-0.8388214,4.2523346,9.2682495
2022-05-19 22:36:39,1304,-0.81248474,4.2714844,9.126984
2022-05-19 22:36:39,1313,-0.7669983,4.338516,8.973755
2022-05-19 22:36:39,1323,-0.7454529,4.424713,8.873199
2022-05-19 22:36:39,1333,-0.6520691,4.4151306,8.717575
2022-05-19 22:36:39,1343,-0.48687744,4.4534454,8.569138
2022-05-19 22:36:39,1353,-0.43659973,4.4941406,8.490128
2022-05-19 22:36:39,1364,-0.4701233,4.563568,8.368027
2022-05-19 22:36:39,1373,-0.580246,4.661743,8.312958
2022-05-19 22:36:39,1383,-0.70713806,4.712021,8.217194
2022-05-19 22:36:39,1393,-0.7574158,4.721588,8.214798
2022-05-19 22:36:39,1403,-0.73587036,4.721588,8.135788
2022-05-19 22:36:39,1413,-0.5922241,4.661743,8.049606
2022-05-19 22:36:39,1423,-0.54434204,4.7144165,7.9921417
2022-05-19 22:36:39,1434,-0.64250183,4.704834,7.9945374
2022-05-19 22:36:39,1443,-0.76220703,4.668915,8.111847
2022-05-19 22:36:39,1453,-0.8675537,4.6641235,8.3033905
2022-05-19 22:36:39,1463,-0.9585266,4.685684,8.514069
2022-05-19 22:36:39,1473,-1.0638733,4.6713104,8.767853
2022-05-19 22:36:39,1483,-1.054306,4.6713104,8.851654
2022-05-19 22:36:39,1493,-1.0854187,4.6761017,8.8971405
2022-05-19 22:36:39,1504,-1.035141,4.68808,8.866028
2022-05-19 22:36:39,1513,-0.9944458,4.668915,8.767853
2022-05-19 22:36:39,1523,-1.0734558,4.7742615,8.719971
2022-05-19 22:36:39,1533,-1.2290802,4.8341217,8.760681
2022-05-19 22:36:39,1543,-1.2626038,4.8365173,8.85405
2022-05-19 22:36:39,1554,-1.2410431,4.800598,9.036011
2022-05-19 22:36:39,1563,-1.2769623,4.843689,9.15332
2022-05-19 22:36:39,1573,-1.2314758,4.905945,9.296982
2022-05-19 22:36:39,1583,-1.1883698,4.92749,9.375992
2022-05-19 22:36:39,1593,-1.1117554,4.9514313,9.385559
2022-05-19 22:36:39,1603,-1.0279694,5.020874,9.342468
2022-05-19 22:36:39,1613,-0.96092224,5.0519867,9.253876
2022-05-19 22:36:39,1624,-0.9178314,5.0711517,9.1102295
2022-05-19 22:36:39,1633,-0.9800873,5.1070557,8.91391
2022-05-19 22:36:39,1643,-1.0495148,5.178879,8.77504
2022-05-19 22:36:39,1653,-1.0638733,5.178879,8.569138
2022-05-19 22:36:39,1663,-1.0710602,5.2483215,8.459015
2022-05-19 22:36:39,1673,-1.0614777,5.3273315,8.51886
2022-05-19 22:36:39,1684,-1.0471191,5.312958,8.65773
2022-05-19 22:36:39,1693,-1.0519104,5.3321075,8.731949
2022-05-19 22:36:39,1703,-0.9920502,5.334503,8.839691
2022-05-19 22:36:39,1713,-0.9944458,5.3704224,8.827713
2022-05-19 22:36:39,1723,-1.0806427,5.4494324,8.791809
2022-05-19 22:36:39,1733,-1.1476746,5.547592,8.698425
2022-05-19 22:36:39,1744,-1.1668243,5.6361694,8.69603
2022-05-19 22:36:39,1753,-1.2027435,5.7271576,8.684067
2022-05-19 22:36:39,1763,-1.0878143,5.787018,8.662521
2022-05-19 22:36:39,1773,-0.97050476,5.815735,8.731949
2022-05-19 22:36:39,1783,-0.9154358,5.8181305,8.75589
2022-05-19 22:36:39,1793,-0.8890991,5.815735,8.77504
2022-05-19 22:36:39,1804,-0.9010773,5.779831,8.887573
2022-05-19 22:36:39,1813,-1.0638733,5.8325043,8.885178
2022-05-19 22:36:39,1823,-1.114151,5.8612366,8.822922
2022-05-19 22:36:39,1833,-1.1189423,5.8875732,8.808563
2022-05-19 22:36:39,1843,-0.9633179,5.9402466,8.978546
2022-05-19 22:36:39,1854,-0.7693939,5.8923492,9.119812
2022-05-19 22:36:39,1863,-0.7023468,5.8803864,9.383163
2022-05-19 22:36:39,1873,-0.7286835,5.870804,9.562729
2022-05-19 22:36:39,1883,-0.67601013,5.7534943,9.806946
2022-05-19 22:36:39,1893,-0.5826416,5.748703,9.742294
2022-05-19 22:36:39,1903,-0.46772766,5.681671,9.462173
2022-05-19 22:36:39,1914,-0.46533203,5.5284424,8.983337
2022-05-19 22:36:39,1923,-0.64489746,5.3632355,8.528442
2022-05-19 22:36:39,1933,-0.86276245,5.207611,8.28183
2022-05-19 22:36:40,1943,-1.0471191,5.0855103,8.368027
2022-05-19 22:36:40,1953,-1.0638733,4.94664,8.703217
2022-05-19 22:36:40,1964,-0.9226227,4.824539,8.801376
2022-05-19 22:36:40,1973,-0.7574158,4.740753,8.763077
2022-05-19 22:36:40,1983,-0.31689453,4.6234283,8.516464
2022-05-19 22:36:40,1993,-0.036758423,4.5731506,8.372818
2022-05-19 22:36:40,2003,0.051818848,4.4534454,8.396759
2022-05-19 22:36:40,2013,-0.020004272,4.261902,8.552383
2022-05-19 22:36:40,2023,-0.2857666,4.077545,8.880386
2022-05-19 22:36:40,2033,-0.59939575,3.9961548,9.136566
2022-05-19 22:36:40,2043,-0.9154358,3.9003754,9.241913
2022-05-19 22:36:40,2053,-1.1261292,3.9554443,9.217972
2022-05-19 22:36:40,2063,-1.1117554,3.9195404,8.925873
2022-05-19 22:36:40,2073,-0.92022705,3.787857,8.633789
2022-05-19 22:36:40,2083,-0.7167206,3.7854614,8.451828
2022-05-19 22:36:40,2094,-0.55870056,3.7734833,8.344086
2022-05-19 22:36:40,2103,-0.24505615,3.7136383,8.346481
2022-05-19 22:36:40,2113,0.044631958,3.677719,8.466187
2022-05-19 22:36:40,2123,0.19308472,3.732788,8.6002655
2022-05-19 22:36:40,2133,0.2409668,3.7615204,8.710403
2022-05-19 22:36:40,2144,0.34631348,3.7974243,8.719971
2022-05-19 22:36:40,2153,0.37982178,3.8309479,8.564346
2022-05-19 22:36:40,2163,0.32954407,3.87883,8.461395
2022-05-19 22:36:40,2173,0.044631958,4.0033264,8.425491
2022-05-19 22:36:40,2184,-0.2857666,4.101486,8.411118
2022-05-19 22:36:40,2193,-0.3551941,4.0583954,8.561951
2022-05-19 22:36:40,2203,-0.36717224,4.091919,8.583511
2022-05-19 22:36:40,2213,-0.25463867,4.158951,8.549988
2022-05-19 22:36:40,2223,-0.11816406,4.2690887,8.3033905
2022-05-19 22:36:40,2234,0.008728027,4.45105,7.843704
2022-05-19 22:36:40,2243,0.07575989,4.5085144,7.6545563
2022-05-19 22:36:40,2253,0.07815552,4.613846,7.3504944
2022-05-19 22:36:40,2263,-0.08943176,4.752716,7.0272675
2022-05-19 22:36:40,2273,-0.26182556,4.800598,6.9841766
2022-05-19 22:36:40,2283,-0.37913513,4.7814484,7.079941
2022-05-19 22:36:40,2293,-0.50123596,4.7934113,7.21402
2022-05-19 22:36:40,2304,-0.41505432,4.7862396,7.4151306
2022-05-19 22:36:40,2313,-0.3839264,4.764694,7.5683594
2022-05-19 22:36:40,2323,-0.3767395,4.800598,7.6952515
2022-05-19 22:36:40,2333,-0.37194824,4.8532715,7.7551117
2022-05-19 22:36:40,2343,-0.32885742,4.8125763,7.882004
2022-05-19 22:36:40,2354,-0.37194824,4.7551117,7.965805
2022-05-19 22:36:40,2363,-0.43180847,4.7335663,8.253113
2022-05-19 22:36:40,2374,-0.41983032,4.68808,8.492523
2022-05-19 22:36:40,2383,-0.30252075,4.7096252,8.626602
2022-05-19 22:36:40,2393,-0.19238281,4.7670746,8.583511
2022-05-19 22:36:40,2403,-0.19477844,4.7622986,8.449432
2022-05-19 22:36:40,2413,-0.08226013,4.7862396,8.300995
2022-05-19 22:36:40,2423,-0.09182739,4.76947,8.229172
2022-05-19 22:36:40,2433,-0.15168762,4.8772125,8.214798
2022-05-19 22:36:40,2444,-0.2642212,4.965805,8.269867
2022-05-19 22:36:40,2453,-0.3839264,4.953827,8.43985
2022-05-19 22:36:40,2463,-0.41744995,5.0232544,8.5212555
2022-05-19 22:36:40,2474,-0.4126587,5.073532,8.502106
2022-05-19 22:36:40,2483,-0.27139282,5.1094513,8.291412
2022-05-19 22:36:40,2493,-0.1085968,5.2363434,8.0065
2022-05-19 22:36:40,2503,-0.12055969,5.3512726,7.826935
2022-05-19 22:36:40,2515,-0.16127014,5.4302826,7.76709
2022-05-19 22:36:40,2523,-0.23788452,5.494919,7.819763
2022-05-19 22:36:40,2534,-0.09182739,5.559555,7.9921417
2022-05-19 22:36:40,2543,-0.029586792,5.5954742,8.107056
2022-05-19 22:36:40,2553,0.1835022,5.6409607,8.358444
2022-05-19 22:36:40,2563,0.21942139,5.6720886,8.69603
2022-05-19 22:36:40,2573,0.2050476,5.628998,8.916306
2022-05-19 22:36:40,2584,0.15716553,5.67688,9.081497
2022-05-19 22:36:40,2593,0.16195679,5.712799,9.179657
2022-05-19 22:36:40,2603,0.13082886,5.7223663,9.208389
2022-05-19 22:36:40,2613,0.20265198,5.7151794,9.191635
2022-05-19 22:36:40,2623,0.19546509,5.767853,9.160507
2022-05-19 22:36:40,2633,0.22180176,5.7989807,9.126984
2022-05-19 22:36:40,2644,0.2122345,5.815735,9.115021
2022-05-19 22:36:40,2653,0.26730347,5.7534943,9.15332
2022-05-19 22:36:40,2663,0.22180176,5.700821,9.273041
2022-05-19 22:36:40,2674,0.16435242,5.6649017,9.397537
2022-05-19 22:36:40,2684,0.13322449,5.549988,9.54837
2022-05-19 22:36:40,2693,0.011123657,5.530838,9.88356
2022-05-19 22:36:40,2703,-0.13493347,5.530838,10.091858
2022-05-19 22:36:40,2713,-0.2402649,5.475769,10.326492
2022-05-19 22:36:40,2723,-0.41744995,5.4470367,10.266632
2022-05-19 22:36:40,2733,-0.580246,5.49971,10.00087
2022-05-19 22:36:40,2743,-0.64489746,5.542801,9.617798
2022-05-19 22:36:40,2753,-0.5539093,5.5451965,9.258667
2022-05-19 22:36:40,2764,-0.34321594,5.348877,9.105438
2022-05-19 22:36:40,2773,-0.16365051,5.063965,9.220367
2022-05-19 22:36:40,2783,-0.020004272,4.752716,9.64653
2022-05-19 22:36:40,2793,0.13082886,4.3792267,10.333664
2022-05-19 22:36:40,2804,0.09251404,4.0392456,11.159668
2022-05-19 22:36:40,2813,-0.03437805,3.8022156,11.705551
2022-05-19 22:36:40,2823,-0.39588928,3.5364685,12.083832
2022-05-19 22:36:40,2833,-0.45335388,3.4837952,11.868347
2022-05-19 22:36:40,2843,-0.738266,3.5795593,11.68161
2022-05-19 22:36:40,2854,-0.43180847,3.5244904,10.790955
2022-05-19 22:36:40,2863,-0.1995697,3.5484314,10.008057
2022-05-19 22:36:40,2873,-0.28816223,3.6681366,8.964188
2022-05-19 22:36:40,2883,-0.40068054,3.7782745,8.097488
2022-05-19 22:36:40,2894,-0.42462158,3.8213654,7.455841
2022-05-19 22:36:40,2903,-0.3192749,3.692093,7.1134644
2022-05-19 22:36:40,2914,-0.31210327,3.692093,7.0583954
2022-05-19 22:36:40,2924,-0.4701233,3.6513824,7.1685333
2022-05-19 22:36:40,2933,-0.69996643,3.5699768,7.5252686
2022-05-19 22:36:41,2943,-0.7574158,3.4335175,7.824539
2022-05-19 22:36:41,2954,-0.8388214,3.2922516,8.28183
2022-05-19 22:36:41,2964,-0.84840393,3.2635193,8.801376
2022-05-19 22:36:41,2973,-0.8076935,3.2515564,9.203598
2022-05-19 22:36:41,2984,-0.6329193,3.1940918,9.476547
2022-05-19 22:36:41,2993,-0.39588928,3.1940918,9.483719
2022-05-19 22:36:41,3003,-0.09422302,3.2683105,9.292191
2022-05-19 22:36:41,3014,0.14518738,3.3161926,9.007278
2022-05-19 22:36:41,3023,0.09490967,3.4454803,8.667297
2022-05-19 22:36:41,3033,-0.16127014,3.526886,8.356064
2022-05-19 22:36:41,3044,-0.48687744,3.6106873,8.0903015
2022-05-19 22:36:41,3053,-0.8029175,3.696869,7.922699
2022-05-19 22:36:41,3063,-0.8675537,3.8046112,7.8915863
2022-05-19 22:36:41,3074,-0.5826416,3.8644714,7.8125763
2022-05-19 22:36:41,3083,-0.16127014,3.9051666,7.965805
2022-05-19 22:36:41,3093,0.19546509,3.981781,7.9801636
2022-05-19 22:36:41,3103,0.32237244,4.053604,8.018478
2022-05-19 22:36:41,3114,0.5019226,4.1924744,8.028046
2022-05-19 22:36:41,3123,0.5569916,4.2451477,8.040024
2022-05-19 22:36:41,3133,0.6360016,4.4103394,8.004105
2022-05-19 22:36:41,3143,0.65037537,4.436676,8.128601
2022-05-19 22:36:41,3154,0.5857239,4.3863983,8.157333
2022-05-19 22:36:41,3163,0.5282593,4.4319,8.176498
2022-05-19 22:36:41,3174,0.22419739,4.4390717,8.178879
2022-05-19 22:36:41,3183,0.14041138,4.436676,8.107056
2022-05-19 22:36:41,3193,0.056610107,4.4965363,8.116638
2022-05-19 22:36:41,3203,-0.046340942,4.554001,8.116638
2022-05-19 22:36:41,3214,-0.23788452,4.6449738,8.210007
2022-05-19 22:36:41,3223,-0.41505432,4.776657,8.334503
2022-05-19 22:36:41,3233,-0.52757263,4.8843994,8.365631
2022-05-19 22:36:41,3243,-0.5108185,5.049591,8.40155
2022-05-19 22:36:41,3254,-0.38632202,5.2435303,8.384781
2022-05-19 22:36:41,3263,-0.15647888,5.389572,8.34169
2022-05-19 22:36:41,3273,0.10209656,5.5523834,8.186066
2022-05-19 22:36:41,3284,0.27207947,5.6792755,8.114243
2022-05-19 22:36:41,3293,0.3965912,5.7941895,7.8365173
2022-05-19 22:36:41,3303,0.3391266,5.882782,7.7191925
2022-05-19 22:36:41,3314,0.21942139,5.937851,7.7335663
2022-05-19 22:36:41,3323,0.14518738,6.045578,7.8676453
2022-05-19 22:36:41,3333,0.1835022,6.1150208,8.123825
2022-05-19 22:36:41,3344,0.2912445,6.1652985,8.334503
2022-05-19 22:36:41,3353,0.3965912,6.2682495,8.478165
2022-05-19 22:36:41,3364,0.50671387,6.2634583,8.760681
2022-05-19 22:36:41,3373,0.49235535,6.265854,8.925873
2022-05-19 22:36:41,3383,0.6599426,6.3280945,9.103043
2022-05-19 22:36:41,3394,0.7748718,6.3424683,9.136566
2022-05-19 22:36:41,3403,0.78923035,6.3472595,9.134171
2022-05-19 22:36:41,3413,0.61924744,6.2993774,9.062347
2022-05-19 22:36:41,3424,0.4300995,6.2610626,9.088684
2022-05-19 22:36:41,3433,0.11885071,6.1509247,9.079102
2022-05-19 22:36:41,3443,-0.28816223,5.8803864,9.366409
2022-05-19 22:36:41,3454,-0.35040283,5.7774353,9.605835
2022-05-19 22:36:41,3463,-0.43899536,5.731949,9.7782135
2022-05-19 22:36:41,3473,-0.44856262,5.633789,10.264236
2022-05-19 22:36:41,3484,-0.40307617,5.6122284,10.623367
2022-05-19 22:36:41,3493,-0.36717224,5.7582855,10.81012
2022-05-19 22:36:41,3503,-0.19238281,5.899536,10.81012
2022-05-19 22:36:41,3513,0.26730347,5.906723,10.2331085
2022-05-19 22:36:41,3523,0.6743164,5.851654,9.526825
2022-05-19 22:36:41,3533,0.83950806,5.7151794,8.787018
2022-05-19 22:36:41,3543,0.8419037,5.542801,8.226776
2022-05-19 22:36:41,3554,0.72698975,5.3464813,8.051987
2022-05-19 22:36:41,3563,0.64079285,5.0903015,8.075928
2022-05-19 22:36:41,3573,0.5593872,4.68808,8.312958
2022-05-19 22:36:41,3584,0.5761566,4.338516,8.609848
2022-05-19 22:36:41,3593,0.5234833,4.103882,9.09108
2022-05-19 22:36:41,3603,0.48516846,3.9961548,9.675262
2022-05-19 22:36:41,3613,0.37265015,4.0344543,10.264236
2022-05-19 22:36:41,3623,0.37742615,4.024872,10.4461975
2022-05-19 22:36:41,3634,0.3822174,4.0871277,10.273819
2022-05-19 22:36:41,3643,0.29841614,4.1541595,9.809341
2022-05-19 22:36:41,3653,0.14997864,4.101486,9.354446
2022-05-19 22:36:41,3664,0.063797,3.9937592,8.901932
2022-05-19 22:36:41,3673,-0.10380554,3.8764343,8.516464
2022-05-19 22:36:41,3683,-0.32167053,3.7902527,8.320145
2022-05-19 22:36:41,3694,-0.441391,3.7543335,8.346481
2022-05-19 22:36:41,3703,-0.35758972,3.7040558,8.300995
2022-05-19 22:36:41,3713,-0.053527832,3.6992645,8.238739
2022-05-19 22:36:41,3724,0.039855957,3.7950287,8.016083
2022-05-19 22:36:41,3733,0.22659302,3.909958,7.92749
2022-05-19 22:36:41,3743,0.5474243,3.9147491,7.7862396
2022-05-19 22:36:41,3754,0.71022034,3.9865723,7.850876
2022-05-19 22:36:41,3763,0.7150116,4.0895233,7.8365173
2022-05-19 22:36:41,3774,0.6024933,4.123047,7.814972
2022-05-19 22:36:41,3783,0.45643616,4.170929,7.764694
2022-05-19 22:36:41,3793,0.33673096,4.237961,7.6784973
2022-05-19 22:36:41,3804,0.2050476,4.2786713,7.582733
2022-05-19 22:36:41,3813,0.13562012,4.35289,7.5659637
2022-05-19 22:36:41,3823,0.09970093,4.3480988,7.5563965
2022-05-19 22:36:41,3833,0.008728027,4.338516,7.6449738
2022-05-19 22:36:41,3844,-0.003250122,4.3792267,7.6761017
2022-05-19 22:36:41,3853,0.015899658,4.448654,7.642578
2022-05-19 22:36:41,3863,0.08534241,4.4773865,7.5731506
2022-05-19 22:36:41,3873,0.17631531,4.467804,7.5563965
2022-05-19 22:36:41,3884,0.18829346,4.4869537,7.443863
2022-05-19 22:36:41,3893,0.16435242,4.472595,7.5132904
2022-05-19 22:36:41,3903,0.11167908,4.479782,7.506119
2022-05-19 22:36:41,3913,0.09251404,4.4845734,7.752716
2022-05-19 22:36:41,3924,0.12124634,4.510895,8.061569
2022-05-19 22:36:41,3933,0.032669067,4.558792,8.504501
2022-05-19 22:36:42,3943,-0.11099243,4.5970917,8.777435
2022-05-19 22:36:42,3954,-0.16844177,4.668915,8.930664
2022-05-19 22:36:42,3963,-0.14689636,4.740753,8.8181305
2022-05-19 22:36:42,3973,-0.12774658,4.84848,8.590683
2022-05-19 22:36:42,3983,-0.020004272,4.9993134,8.107056
2022-05-19 22:36:42,3994,0.07815552,5.073532,7.7934265
2022-05-19 22:36:42,4003,0.068573,5.152542,7.554001
2022-05-19 22:36:42,4013,-0.051132202,5.231552,7.412735
2022-05-19 22:36:42,4023,-0.18998718,5.2890167,7.498932
2022-05-19 22:36:42,4033,-0.06309509,5.195648,7.5013275
2022-05-19 22:36:42,4044,-0.029586792,5.2435303,7.443863
2022-05-19 22:36:42,4053,-0.017608643,5.2985992,7.618637
2022-05-19 22:36:42,4063,0.011123657,5.317749,7.8293304
2022-05-19 22:36:42,4073,0.10449219,5.3560486,8.147766
2022-05-19 22:36:42,4083,0.15716553,5.384781,8.494919
2022-05-19 22:36:42,4094,0.16195679,5.348877,8.772644
2022-05-19 22:36:42,4103,0.20744324,5.2602844,8.873199
2022-05-19 22:36:42,4113,0.16195679,5.2890167,8.91391
2022-05-19 22:36:42,4123,0.10449219,5.312958,8.957001
2022-05-19 22:36:42,4135,0.07575989,5.415909,9.026428
2022-05-19 22:36:42,4144,0.044631958,5.432663,9.038406
2022-05-19 22:36:42,4154,0.0039367676,5.4566193,8.990524
2022-05-19 22:36:42,4164,-0.10380554,5.51886,9.028824
2022-05-19 22:36:42,4173,-0.16844177,5.5882874,9.0551605
2022-05-19 22:36:42,4183,-0.12774658,5.652939,9.213181
2022-05-19 22:36:42,4193,-0.031982422,5.700821,9.308945
2022-05-19 22:36:42,4203,0.061401367,5.717575,9.368805
2022-05-19 22:36:42,4214,-0.010421753,5.8420715,9.522034
2022-05-19 22:36:42,4223,-0.020004272,5.9091187,9.598648
2022-05-19 22:36:42,4233,-0.06071472,6.0503693,9.847641
2022-05-19 22:36:42,4243,0.061401367,6.179657,9.9913025
2022-05-19 22:36:42,4253,0.39419556,6.2682495,10.096649
2022-05-19 22:36:42,4263,0.9233093,6.282608,10.182831
2022-05-19 22:36:42,4273,1.4979248,6.203598,10.295364
2022-05-19 22:36:42,4284,1.7924042,6.2012024,10.266632
2022-05-19 22:36:42,4293,1.8642273,6.191635,10.357605
2022-05-19 22:36:42,4303,1.6128387,6.1844482,10.321701
2022-05-19 22:36:42,4313,1.0549927,6.0671387,10.077484
2022-05-19 22:36:42,4323,0.5593872,5.9450226,9.787796
2022-05-19 22:36:42,4333,0.13562012,5.827713,9.651321
2022-05-19 22:36:42,4343,-0.09661865,5.717575,9.608231
2022-05-19 22:36:42,4354,-0.31210327,5.140579,9.897919
2022-05-19 22:36:42,4363,0.035064697,4.759903,10.350433
2022-05-19 22:36:42,4373,0.49954224,4.393585,11.212341
2022-05-19 22:36:42,4383,0.8371124,4.0703735,12.148468
2022-05-19 22:36:42,4393,1.1483612,3.6705322,12.684769
2022-05-19 22:36:42,4404,1.2824402,3.368866,12.763779
2022-05-19 22:36:42,4414,1.0885162,3.265915,12.344803
2022-05-19 22:36:42,4423,0.8036041,3.301834,11.645691
2022-05-19 22:36:42,4433,0.43249512,3.4933624,10.886734
2022-05-19 22:36:42,4443,0.30560303,3.6106873,9.70639
2022-05-19 22:36:42,4453,0.06619263,3.732788,8.430283
2022-05-19 22:36:42,4463,-0.21871948,3.8524933,7.2403564
2022-05-19 22:36:42,4473,-0.88430786,4.0655823,6.0743866
2022-05-19 22:36:42,4483,-1.1069794,4.0559998,5.55484
2022-05-19 22:36:42,4494,-1.193161,4.0105133,5.3106384
2022-05-19 22:36:42,4503,-1.1811981,4.0033264,5.3345795
2022-05-19 22:36:42,4513,-1.1500702,3.9961548,5.49498
2022-05-19 22:36:42,4524,-0.81248474,3.866867,5.851715
2022-05-19 22:36:42,4533,-0.70713806,3.8022156,6.000168
2022-05-19 22:36:42,4543,-0.4844818,3.5963135,6.8213806
2022-05-19 22:36:42,4553,-0.28337097,3.5867462,7.5994873
2022-05-19 22:36:42,4563,0.09490967,3.6274414,8.332108
2022-05-19 22:36:42,4574,0.48516846,3.6394196,9.07431
2022-05-19 22:36:42,4583,0.78923035,3.6633606,9.507675
2022-05-19 22:36:42,4593,0.9209137,3.6513824,9.668076
2022-05-19 22:36:42,4603,0.736557,3.5795593,9.5651245
2022-05-19 22:36:42,4613,0.28645325,3.6633606,9.167694
2022-05-19 22:36:42,4624,-0.1708374,3.7830658,8.535629
2022-05-19 22:36:42,4633,-0.55870056,3.909958,7.9322815
2022-05-19 22:36:42,4643,-0.7526245,4.053604,7.5132904
2022-05-19 22:36:42,4653,-0.7574158,4.127823,7.3313446
2022-05-19 22:36:42,4664,-0.46533203,4.19487,7.407959
2022-05-19 22:36:42,4673,-0.1373291,4.170929,7.824539
2022-05-19 22:36:42,4684,0.20025635,4.1302185,8.315353
2022-05-19 22:36:42,4693,0.35827637,4.163742,8.708008
2022-05-19 22:36:42,4703,0.3678589,4.2523346,9.143753
2022-05-19 22:36:42,4713,0.40376282,4.2810516,9.299377
2022-05-19 22:36:42,4724,0.47080994,4.357666,9.225159
2022-05-19 22:36:42,4733,0.5282593,4.4151306,9.067139
2022-05-19 22:36:42,4743,0.62164307,4.503723,8.648148
2022-05-19 22:36:42,4753,0.66952515,4.5444183,8.289017
2022-05-19 22:36:42,4763,0.5953064,4.5492096,8.06636
2022-05-19 22:36:42,4773,0.5306549,4.69046,7.965805
2022-05-19 22:36:42,4784,0.578537,4.7814484,7.9873505
2022-05-19 22:36:42,4793,0.44447327,4.8891907,8.0065
2022-05-19 22:36:42,4803,0.3103943,5.061569,8.02565
2022-05-19 22:36:42,4813,0.20744324,5.142975,8.004105
2022-05-19 22:36:42,4823,0.08773804,5.334503,7.984955
2022-05-19 22:36:42,4833,0.044631958,5.463791,8.037628
2022-05-19 22:36:42,4844,0.08534241,5.571533,7.958618
2022-05-19 22:36:42,4853,0.035064697,5.7223663,7.879608
2022-05-19 22:36:42,4863,-0.08226013,5.8349,7.9442596
2022-05-19 22:36:42,4874,-0.015213013,5.906723,7.958618
2022-05-19 22:36:42,4883,0.22898865,6.0144653,7.953827
2022-05-19 22:36:42,4893,0.42053223,6.131775,7.8915863
2022-05-19 22:36:42,4903,0.56178284,6.1413574,7.814972
2022-05-19 22:36:42,4914,0.6072693,6.1700897,7.7263794
2022-05-19 22:36:42,4924,0.60487366,6.1533203,7.941864
2022-05-19 22:36:42,4933,0.4875641,6.1772614,8.178879
2022-05-19 22:36:43,4943,0.40855408,6.1652985,8.552383
2022-05-19 22:36:43,4953,0.5019226,6.1844482,8.808563
2022-05-19 22:36:43,4963,0.6455841,6.138962,9.081497
2022-05-19 22:36:43,4973,0.71261597,6.105438,9.244308
2022-05-19 22:36:43,4983,0.7341614,6.026428,9.32811
2022-05-19 22:36:43,4993,0.6024933,5.985733,9.50528
2022-05-19 22:36:43,5004,0.45643616,5.9043274,9.701599
2022-05-19 22:36:43,5013,0.37265015,5.8851776,9.756668
2022-05-19 22:36:43,5023,0.21702576,5.889969,9.8572235
2022-05-19 22:36:43,5033,0.16912842,5.9091187,9.9122925
2022-05-19 22:36:43,5043,0.10688782,5.9881287,9.986511
2022-05-19 22:36:43,5054,0.142807,6.026428,9.854828
2022-05-19 22:36:43,5063,0.21702576,6.0384064,9.70639
2022-05-19 22:36:43,5073,0.4109497,6.064743,9.016861
2022-05-19 22:36:43,5084,0.5019226,6.028824,8.430283
2022-05-19 22:36:43,5093,0.53305054,6.016861,7.9682007
2022-05-19 22:36:43,5103,0.6934662,5.91391,7.498932
2022-05-19 22:36:43,5113,0.8083954,5.712799,7.3863983
2022-05-19 22:36:43,5123,0.9352875,5.3752136,7.5994873
2022-05-19 22:36:43,5133,0.9592285,5.1262054,8.217194
2022-05-19 22:36:43,5143,0.894577,4.850876,9.038406
2022-05-19 22:36:43,5154,0.64797974,4.6952515,9.7854
2022-05-19 22:36:43,5163,0.142807,4.752716,10.738281
2022-05-19 22:36:43,5173,-0.23309326,4.8365173,11.344025
2022-05-19 22:36:43,5184,-0.3192749,4.84848,11.442184
2022-05-19 22:36:43,5194,-0.35998535,4.882004,11.066299
2022-05-19 22:36:43,5203,-0.34083557,4.9729767,10.388733
2022-05-19 22:36:43,5213,-0.1995697,5.016083,9.632172
2022-05-19 22:36:43,5223,0.11647034,4.886795,8.67688
2022-05-19 22:36:43,5234,0.28405762,4.723984,7.84848
2022-05-19 22:36:43,5243,0.17391968,4.673706,7.338516
2022-05-19 22:36:43,5253,0.17631531,4.5420227,7.11586
2022-05-19 22:36:43,5263,0.17631531,4.498932,7.3552856
2022-05-19 22:36:43,5273,0.10209656,4.321762,7.7311707
2022-05-19 22:36:43,5285,-0.010421753,4.1445923,8.059174
2022-05-19 22:36:43,5293,-0.2689972,4.0895233,8.384781
2022-05-19 22:36:43,5303,-0.40068054,4.19487,8.59787
2022-05-19 22:36:43,5313,-0.24266052,4.249939,8.796585
2022-05-19 22:36:43,5323,0.12124634,4.2451477,8.849258
2022-05-19 22:36:43,5333,0.40376282,4.242752,8.741516
2022-05-19 22:36:43,5343,0.5234833,4.259506,8.353668
2022-05-19 22:36:43,5353,0.20744324,4.395981,7.6473694
2022-05-19 22:36:43,5363,0.0039367676,4.4701996,7.242752
2022-05-19 22:36:43,5373,-0.18281555,4.510895,6.9051666
2022-05-19 22:36:43,5384,-0.3551941,4.506119,6.708847
2022-05-19 22:36:43,5393,-0.46772766,4.5324554,6.6585693
2022-05-19 22:36:43,5403,-0.5227814,4.4965363,6.751938
2022-05-19 22:36:43,5413,-0.5682831,4.4941406,7.0081177
2022-05-19 22:36:43,5423,-0.6089783,4.455841,7.259506
2022-05-19 22:36:43,5433,-0.6472931,4.5420227,7.546814
2022-05-19 22:36:43,5444,-0.6377106,4.6162415,7.692856
2022-05-19 22:36:43,5453,-0.62335205,4.6641235,7.795807
2022-05-19 22:36:43,5463,-0.5730591,4.685684,7.7263794
2022-05-19 22:36:43,5473,-0.5706787,4.7790527,7.6234283
2022-05-19 22:36:43,5483,-0.55870056,4.84848,7.4893494
2022-05-19 22:36:43,5493,-0.6616516,4.8700256,7.290634
2022-05-19 22:36:43,5504,-0.6951752,4.9083405,7.242752
2022-05-19 22:36:43,5513,-0.6879883,4.9203033,7.3121796
2022-05-19 22:36:43,5523,-0.6305237,4.8724213,7.51091
2022-05-19 22:36:43,5533,-0.52757263,4.922699,7.819763
2022-05-19 22:36:43,5543,-0.47250366,5.0065002,8.102264
2022-05-19 22:36:43,5553,-0.4054718,5.0424194,8.260284
2022-05-19 22:36:43,5564,-0.28337097,5.063965,8.487732
2022-05-19 22:36:43,5573,-0.15887451,5.049591,8.51886
2022-05-19 22:36:43,5583,-0.14450073,5.092697,8.569138
2022-05-19 22:36:43,5593,-0.15887451,5.073532,8.549988
2022-05-19 22:36:43,5603,-0.23788452,5.176483,8.473373
2022-05-19 22:36:43,5613,-0.3144989,5.255493,8.365631
2022-05-19 22:36:43,5623,-0.28337097,5.2962036,8.207611
2022-05-19 22:36:43,5633,-0.20436096,5.3201447,8.097488
2022-05-19 22:36:43,5644,-0.15647888,5.3704224,7.972992
2022-05-19 22:36:43,5653,-0.12774658,5.4302826,7.961014
2022-05-19 22:36:43,5663,-0.15168762,5.573929,8.238739
2022-05-19 22:36:43,5673,-0.14450073,5.645752,8.482956
2022-05-19 22:36:43,5683,-0.12295532,5.6744843,8.779831
2022-05-19 22:36:43,5694,-0.08943176,5.73674,9.141357
2022-05-19 22:36:43,5703,0.07575989,5.767853,9.380768
2022-05-19 22:36:43,5713,0.142807,5.810959,9.653717
2022-05-19 22:36:43,5723,0.12364197,5.851654,9.852432
2022-05-19 22:36:43,5733,-0.005645752,5.899536,9.890747
2022-05-19 22:36:43,5743,-0.17323303,5.9881287,9.943405
2022-05-19 22:36:43,5753,-0.21154785,6.009674,9.941025
2022-05-19 22:36:43,5764,-0.1421051,5.9761505,9.955383
2022-05-19 22:36:43,5773,-0.005645752,5.9210815,9.931442
2022-05-19 22:36:43,5783,-0.029586792,5.8564453,9.893127
2022-05-19 22:36:43,5793,-0.08943176,5.760681,9.8572235
2022-05-19 22:36:43,5803,-0.16127014,5.75589,9.955383
2022-05-19 22:36:43,5813,-0.21632385,5.700821,10.0750885
2022-05-19 22:36:43,5824,-0.30012512,5.57872,10.424652
2022-05-19 22:36:43,5833,-0.30970764,5.511673,10.529999
2022-05-19 22:36:43,5843,-0.3695526,5.494919,10.597031
2022-05-19 22:36:43,5854,-0.45814514,5.5284424,10.345642
2022-05-19 22:36:43,5863,-0.66404724,5.511673,9.895523
2022-05-19 22:36:43,5873,-0.9250183,5.5619507,9.344864
2022-05-19 22:36:43,5883,-1.09021,5.4805603,8.63858
2022-05-19 22:36:43,5894,-1.0973969,5.348877,8.34169
2022-05-19 22:36:43,5903,-1.030365,5.2411346,8.236343
2022-05-19 22:36:43,5913,-0.96092224,5.02565,7.984955
2022-05-19 22:36:43,5923,-0.9034729,4.723984,7.7311707
2022-05-19 22:36:43,5933,-0.84121704,4.4701996,7.862854
2022-05-19 22:36:44,5944,-0.6401062,4.3911896,8.564346
2022-05-19 22:36:44,5953,-0.31210327,4.13501,9.462173
2022-05-19 22:36:44,5963,-0.048736572,3.8692627,10.364792
2022-05-19 22:36:44,5973,0.063797,3.5843506,10.788559
2022-05-19 22:36:44,5983,0.11885071,3.4191437,10.858002
2022-05-19 22:36:44,5994,0.0039367676,3.4143524,10.565903
2022-05-19 22:36:44,6003,-0.055923462,3.4215393,10.027206
2022-05-19 22:36:44,6013,0.032669067,3.479004,9.364014
2022-05-19 22:36:44,6023,0.09251404,3.5125275,8.794189
2022-05-19 22:36:44,6033,-0.024795532,3.5651855,8.380005
2022-05-19 22:36:44,6044,-0.228302,3.5316772,7.7982025
2022-05-19 22:36:44,6053,-0.5323639,3.5364685,7.5085144
2022-05-19 22:36:44,6063,-0.7669983,3.5699768,7.4223175
2022-05-19 22:36:44,6073,-0.872345,3.5340729,7.515686
2022-05-19 22:36:44,6083,-0.84840393,3.5244904,7.8053894
2022-05-19 22:36:44,6093,-0.75502014,3.519699,8.114243
2022-05-19 22:36:44,6103,-0.6377106,3.4981537,8.389572
2022-05-19 22:36:44,6114,-0.41744995,3.5699768,8.624207
2022-05-19 22:36:44,6123,-0.008041382,3.550827,8.784622
2022-05-19 22:36:44,6133,0.34391785,3.5364685,8.925873
2022-05-19 22:36:44,6143,0.5665741,3.6154633,9.019257
2022-05-19 22:36:44,6153,0.6455841,3.6825104,9.083893
2022-05-19 22:36:44,6163,0.6719208,3.7615204,9.172485
2022-05-19 22:36:44,6174,0.7006531,3.8405304,9.261063
2022-05-19 22:36:44,6183,0.71261597,3.8453217,9.316132
2022-05-19 22:36:44,6193,0.69825745,3.8141937,9.261063
2022-05-19 22:36:44,6203,0.65515137,3.8836212,9.263458
2022-05-19 22:36:44,6214,0.7844391,3.9075623,9.045593
2022-05-19 22:36:44,6223,0.88500977,4.0177,8.851654
2022-05-19 22:36:44,6234,0.949646,4.1493835,8.660126
2022-05-19 22:36:44,6243,0.9400635,4.163742,8.571533
2022-05-19 22:36:44,6253,0.89697266,4.211624,8.523651
2022-05-19 22:36:44,6263,0.7940216,4.225998,8.566742
2022-05-19 22:36:44,6273,0.7078247,4.29303,8.454224
2022-05-19 22:36:44,6283,0.7174072,4.290634,8.375214
2022-05-19 22:36:44,6293,0.815567,4.364853,8.272263
2022-05-19 22:36:44,6304,0.94725037,4.412735,8.169312
2022-05-19 22:36:44,6313,1.0765381,4.472595,8.087906
2022-05-19 22:36:44,6323,1.0166779,4.551605,8.016083
2022-05-19 22:36:44,6333,0.9209137,4.6042786,8.075928
2022-05-19 22:36:44,6343,0.7293854,4.6761017,8.042419
2022-05-19 22:36:44,6353,0.69825745,4.747925,7.984955
2022-05-19 22:36:44,6364,0.5953064,4.8101807,7.905945
2022-05-19 22:36:44,6373,0.49235535,4.879608,7.9322815
2022-05-19 22:36:44,6383,0.34391785,4.9322815,7.9562225
2022-05-19 22:36:44,6393,0.30799866,5.037628,8.037628
2022-05-19 22:36:44,6403,0.3199768,5.0711517,8.032837
2022-05-19 22:36:44,6414,0.48277283,5.095093,8.032837
2022-05-19 22:36:44,6423,0.5378418,5.159729,8.068756
2022-05-19 22:36:44,6433,0.5282593,5.250717,8.193253
2022-05-19 22:36:44,6443,0.4300995,5.293808,8.226776
2022-05-19 22:36:44,6453,0.26730347,5.257889,8.279449
2022-05-19 22:36:44,6463,-0.053527832,5.286621,8.298599
2022-05-19 22:36:44,6474,-0.446167,5.334503,8.279449
2022-05-19 22:36:44,6483,-0.47969055,5.3225403,8.253113
2022-05-19 22:36:44,6493,-0.48927307,5.3440857,8.286621
2022-05-19 22:36:44,6503,-0.44378662,5.4207,8.284225
2022-05-19 22:36:44,6513,-0.44378662,5.4254913,8.372818
2022-05-19 22:36:44,6523,-0.5323639,5.437454,8.427887
2022-05-19 22:36:44,6534,-0.61376953,5.3704224,8.566742
2022-05-19 22:36:44,6543,-0.64967346,5.34169,8.595474
2022-05-19 22:36:44,6553,-0.61616516,5.408722,8.6792755
2022-05-19 22:36:44,6563,-0.5323639,5.3871765,8.844467
2022-05-19 22:36:44,6573,-0.48687744,5.358444,9.014465
2022-05-19 22:36:44,6583,-0.6903839,5.408722,9.263458
2022-05-19 22:36:44,6593,-0.8076935,5.506897,9.514847
2022-05-19 22:36:44,6603,-0.80529785,5.535614,9.624985
2022-05-19 22:36:44,6613,-0.7454529,5.5140686,9.66568
2022-05-19 22:36:44,6623,-0.7095337,5.494919,9.759064
2022-05-19 22:36:44,6633,-0.47250366,5.5092773,9.797363
2022-05-19 22:36:44,6643,-0.23069763,5.4230957,9.900314
2022-05-19 22:36:44,6653,-0.11576843,5.5284424,10.132553
2022-05-19 22:36:44,6664,-0.1085968,5.765457,10.31691
2022-05-19 22:36:44,6673,-0.27618408,5.839691,10.259445
2022-05-19 22:36:44,6683,-0.46533203,5.906723,9.986511
2022-05-19 22:36:44,6693,-0.4054718,5.858841,9.395142
2022-05-19 22:36:44,6703,-0.40307617,6.1030426,8.978546
2022-05-19 22:36:44,6713,0.19068909,5.9713593,8.593079
2022-05-19 22:36:44,6724,0.76768494,5.652939,8.4422455
2022-05-19 22:36:44,6733,0.97598267,5.4470367,8.3033905
2022-05-19 22:36:44,6743,0.69107056,5.095093,8.909119
2022-05-19 22:36:44,6754,0.5593872,4.9322815,9.33049
2022-05-19 22:36:44,6763,0.31278992,4.407959,10.3671875
2022-05-19 22:36:44,6773,0.28884888,4.290634,10.642517
2022-05-19 22:36:44,6783,0.013519287,4.2236023,11.130936
2022-05-19 22:36:44,6794,-0.0798645,4.2762756,11.224304
2022-05-19 22:36:44,6803,0.16195679,4.2403564,11.142914
2022-05-19 22:36:44,6813,0.28884888,4.2762756,10.786179
2022-05-19 22:36:44,6823,0.23857117,4.2714844,10.398315
2022-05-19 22:36:44,6833,0.042236328,4.3193665,9.840469
2022-05-19 22:36:44,6844,-0.23788452,4.2786713,9.294586
2022-05-19 22:36:44,6853,-0.23788452,4.2786713,9.294586
2022-05-19 22:36:44,6863,-0.446167,4.2786713,7.879608
2022-05-19 22:36:44,6873,-0.48687744,4.4390717,7.3600616
2022-05-19 22:36:44,6883,-0.40068054,4.534851,7.020096
2022-05-19 22:36:44,6894,-0.34083557,4.5420227,6.8572845
2022-05-19 22:36:44,6903,-0.27618408,4.4175262,6.9315033
2022-05-19 22:36:44,6914,-0.20196533,4.309784,6.9769897
2022-05-19 22:36:44,6923,0.044631958,4.3816223,7.7024384
2022-05-19 22:36:44,6933,0.09013367,4.4630127,7.589905
2022-05-19 22:36:45,6943,0.011123657,4.5180817,7.2954254
2022-05-19 22:36:45,6953,-0.005645752,4.4701996,7.649765
2022-05-19 22:36:45,6963,0.14758301,4.21402,7.9514313
2022-05-19 22:36:45,6974,0.2696991,4.2092285,8.178879
2022-05-19 22:36:45,6983,0.09013367,4.3026123,8.073547
2022-05-19 22:36:45,6993,-0.14689636,4.395981,7.903549
2022-05-19 22:36:45,7003,-0.22111511,4.400772,7.743149
2022-05-19 22:36:45,7013,-0.15887451,4.305008,7.704834
2022-05-19 22:36:45,7023,-0.20675659,4.3480988,7.5444183
2022-05-19 22:36:45,7033,-0.33125305,4.412735,7.297821
2022-05-19 22:36:45,7044,-0.50842285,4.3241577,7.384018
2022-05-19 22:36:45,7053,-0.72628784,4.3792267,7.7191925
2022-05-19 22:36:45,7063,-0.7095337,4.467804,7.8580627
2022-05-19 22:36:45,7073,-0.604187,4.5204773,8.176498
2022-05-19 22:36:45,7083,-0.45814514,4.467804,8.502106
2022-05-19 22:36:45,7093,-0.3935089,4.4390717,8.65773
2022-05-19 22:36:45,7103,-0.3935089,4.4390717,8.65773
2022-05-19 22:36:45,7114,-0.3935089,4.4390717,8.65773
2022-05-19 22:36:45,7123,-0.3935089,4.4390717,8.65773
2022-05-19 22:36:45,7133,-0.3935089,4.4390717,8.65773
2022-05-19 22:36:45,7143,-0.3935089,4.4390717,8.65773
2022-05-19 22:36:45,7153,-0.3935089,4.4390717,8.65773
2022-05-19 22:36:45,7163,-0.3935089,4.4390717,8.65773
2022-05-19 22:36:45,7173,-0.3935089,4.4390717,8.65773
2022-05-19 22:36:45,7183,-0.3935089,4.4390717,8.65773
